{"report": {"environment": {}, "tests": [], "summary": {"num_tests": 0, "duration": 0.02274608612060547}, "created_at": "2024-11-12 17:29:54.104316"}}